compositeRoomReqInd,connectingRoomReqInd,crsConfirmationId,crsContStayLinkId,crsShareLinkId,groupId,pmsConfirmationId,resUpgradeScore,roomAssignedByAraInd,roomUpgradedByAraInd,araProcessedTs,@arrivalDate,@arrivalTime,@complimentaryUpgraded,@dateSearchString,@departureDate,@departureTime,@doNotMoveInd,@dtArrivalDate,@dtDepartureDate,@finalInventoryTypeCode,@id,@inventoryTypeCode,@miosUpgraded,@roomId,@sNAUpgraded,@upgradedInventoryTypeCode,@upgradeScore
0,0,202408072001,,,,,1234.4,0,0,2024-07-26T16:45:36.778210266,2024-09-10,21:00,0,,2024-09-11,,0,8/22/2024,8/24/2024,KING,1,KING,0,,0,,0
0,0,202408072001,,,,,1234.4,0,0,2024-07-26T16:45:36.778210266,2024-09-10,21:00,0,,2024-09-11,,0,8/22/2024,8/24/2024,KING,1,KING,0,,0,,0
0,0,HWHOSKW42O,,,,,1234.4,0,0,2024-07-26T16:45:36.778210266,2024-09-10,21:00,0,,2024-09-11,,0,,,,1,KING,0,,0,,0
0,0,EGPSIKV50K,,,,,1234.4,0,0,2024-07-26T16:45:36.778210266,2024-09-10,21:00,0,,2024-09-11,,0,,,,1,KING,0,,0,,0
0,0,BZTXVRK52F,,,,,1234.4,0,0,2024-07-26T16:45:36.778210266,2024-09-10,22:00,0,,2024-09-11,,0,,,,1,KING,0,,0,,0
0,0,IQJICVT78I,,,,,1234.4,0,0,2024-07-26T16:45:36.778210266,2024-09-10,17:00,0,,2024-09-11,,0,,,,1,KING,0,,0,,0
0,0,QKMLNNJ92A,,,,,1234.4,0,0,2024-07-26T16:45:36.778210266,2024-09-10,16:45,0,,2024-09-12,,0,,,,1,KING,0,,0,,0
0,0,QMSUKGZ64K,,,,,1234.4,0,0,2024-07-26T16:45:36.778210266,2024-09-10,18:35,0,,2024-09-12,,0,,,,1,KING,0,,0,,0
0,0,LCAVKRJ36E,,,,,1234.4,0,0,2024-07-26T16:45:36.778210266,2024-09-10,22:32,0,,2024-09-12,,0,,,,1,KING,0,,0,,0
0,0,MNTTKCX76F,,,,,1234.4,0,0,2024-07-26T16:45:36.778210266,2024-09-10,,0,,2024-09-12,,0,,,,1,KING,0,,0,,0
0,0,DGTRZAJ27G,,,,,1234.4,0,0,2024-07-26T16:45:36.778210266,2024-09-10,,0,,2024-09-13,,0,,,,1,KING,0,,0,,0
0,0,VSJLOIZ94O,,,,,1234.4,0,0,2024-07-26T16:45:36.778210266,2024-09-10,,0,,2024-09-13,,0,,,,1,KING,0,,0,,0
0,0,AMHGSPB43J,,,,,1234.4,0,0,2024-07-26T16:45:36.778210266,2024-09-10,,0,,2024-09-13,,0,,,,1,KING,0,,0,,0
0,0,QHGBDVN99Y,,,,,1234.4,0,0,2024-07-26T16:45:36.778210266,2024-09-10,,0,,2024-09-13,,0,,,,1,KING,0,,0,,0
0,0,ERPWMOV78B,,,,,1234.4,0,0,2024-07-26T16:45:36.778210266,2024-09-10,,0,,2024-09-24,,0,,,,1,KING,0,,0,,0
0,0,CSIIXMK46C,,,,,1234.4,0,0,2024-07-26T16:45:36.778210266,2024-09-10,,0,,2024-09-24,,0,,,,1,KING,0,,0,,0
0,0,FWPXTZC68K,,,,,1234.4,0,0,2024-07-26T16:45:36.778210266,2024-09-10,,0,,2024-09-24,,0,,,,1,KING,0,,0,,0
0,0,QKQUJKF83K,,,,,1234.4,0,0,2024-07-26T16:45:36.778210266,2024-09-10,,0,,2024-09-24,,0,,,,1,KING,0,,0,,0
0,0,HPSLOFZ78X,,,,,1234.4,0,0,2024-07-26T16:45:36.778210266,2024-09-10,,0,,2024-09-25,,0,,,,1,KING,0,,0,,0
0,0,WATFXXQ28L,,,,,1234.4,0,0,2024-07-26T16:45:36.778210266,2024-09-10,,0,,2024-09-25,,0,,,,1,KING,0,,0,,0
0,0,WJZWONM30O,,,,,1234.4,0,0,2024-07-26T16:45:36.778210266,2024-09-10,,0,,2024-09-25,,0,,,,1,KING,0,,0,,0
0,0,SHSXWHZ43C,,,,,1234.4,0,0,2024-07-26T16:45:36.778210266,2024-09-10,,0,,2024-09-25,,0,,,,1,KING,0,,0,,0
0,0,ECWTZYV20H,,,,,1234.4,0,0,2024-07-26T16:45:36.778210266,2024-09-10,,0,,2024-10-01,,0,,,,1,KING,0,,0,,0
0,0,PHDXUFJ56V,,,,,1234.4,0,0,2024-07-26T16:45:36.778210266,2024-09-10,,0,,2024-10-01,,0,,,,1,QNQN,0,,0,,0
0,0,MWMAGEI86G,,,,,1234.4,0,0,2024-07-26T16:45:36.778210266,2024-09-10,,0,,2024-10-01,,0,,,,1,QNQN,0,,0,,0
0,0,MOWOJAQ29U,,,,,1234.4,0,0,2024-07-26T16:45:36.778210266,2024-09-10,,0,,2024-10-01,,0,,,,1,QNQN,0,,0,,0
0,0,ZSFOWWV62X,,,,,1234.4,0,0,2024-07-26T16:45:36.778210266,2024-09-10,,0,,2024-09-30,,0,,,,1,QNQN,0,,0,,0
0,0,DHHFJVD24V,,,,,1234.4,0,0,2024-07-26T16:45:36.778210266,2024-09-10,,0,,2024-09-30,,0,,,,1,QNQN,0,,0,,0
0,0,LIWMALN88L,,,,,1234.4,0,0,2024-07-26T16:45:36.778210266,2024-09-10,,0,,2024-09-29,,0,,,,1,QNQN,0,,0,,0
0,0,VMMKTQF73N,,,,,1234.4,0,0,2024-07-26T16:45:36.778210266,2024-09-10,,0,,2024-09-29,,0,,,,1,QNQN,0,,0,,0
0,0,CFDEPZU84E,,,,,1234.4,0,0,2024-07-26T16:45:36.778210266,2024-09-11,20:22,0,,2024-09-12,,0,,,,1,QNQN,0,,0,,0
0,0,MWUBIAN34V,,,,,1234.4,0,0,2024-07-26T16:45:36.778210266,2024-09-11,20:21,0,,2024-09-12,,0,,,,1,QNQN,0,,0,,0
0,0,MVIKMFW51L,,,,,1234.4,0,0,2024-07-26T16:45:36.778210266,2024-09-11,20:20,0,,2024-09-13,,0,,,,1,QNQN,0,,0,,0
0,0,WTRJYSY57I,,,,,1234.4,0,0,2024-07-26T16:45:36.778210266,2024-09-11,20:19,0,,2024-09-13,,0,,,,1,QNQN,0,,0,,0
0,0,PNSUZGV51J,,,,,1234.4,0,0,2024-07-26T16:45:36.778210266,2024-09-11,20:18,0,,2024-09-14,,0,,,,1,QNQN,0,,0,,0
0,0,CTZYJFF77X,,,,,1234.4,0,0,2024-07-26T16:45:36.778210266,2024-09-11,20:17,0,,2024-09-14,,0,,,,1,QNQN,0,,0,,0
0,0,WNPJPYC25M,,,,,1234.4,0,0,2024-07-26T16:45:36.778210266,2024-09-11,20:16,0,,2024-09-12,,0,,,,1,QNQN,0,,0,,0
0,0,QJYYPYG57U,,,,,1234.4,0,0,2024-07-26T16:45:36.778210266,2024-09-11,20:15,0,,2024-09-26,,0,,,,1,QNQN,0,,0,,0
0,0,PDPWJBR28S,,,,,1234.4,0,0,2024-07-26T16:45:36.778210266,2024-09-11,20:14,0,,2024-09-26,,0,,,,1,QNQN,0,,0,,0
0,0,OFUWKCU66I,,,,,1234.4,0,0,2024-07-26T16:45:36.778210266,2024-09-12,20:13,0,,2024-09-27,,0,,,,1,QNQN,0,,0,,0
0,0,VNNWWSM56H,,,,,1234.4,0,0,2024-07-26T16:45:36.778210266,2024-09-11,20:12,0,,2024-10-02,,0,,,,1,QNQN,0,,0,,0
0,0,EHMOSOK43A,,,,,1234.4,0,0,2024-07-26T16:45:36.778210266,2024-09-11,20:11,0,,2024-09-30,,0,,,,1,QNQN,0,,0,,0
0,0,PRVWFNK18O,,,,,1234.4,0,0,2024-07-26T16:45:36.778210266,2024-09-12,20:10,0,,2024-09-14,,0,,,,1,QNQN,0,,0,,0
0,0,GKGFAUV50V,,,,,1234.4,0,0,2024-07-26T16:45:36.778210266,2024-09-12,20:09,0,,2024-09-15,,0,,,,1,QNQN,0,,0,,0
0,0,QSXYKLF37R,,,,,1234.4,0,0,2024-07-26T16:45:36.778210266,2024-09-11,20:08,0,,2024-09-25,,0,,,,1,QNQN,0,,0,,0
0,0,JHLSECK41P,,,,,1234.4,0,0,2024-07-26T16:45:36.778210266,2024-09-11,20:07,0,,2024-09-25,,0,,,,1,ONBR,0,,0,,0
0,0,TLDZPML72R,,,,,1234.4,0,0,2024-07-26T16:45:36.778210266,2024-09-11,20:06,0,,2024-09-25,,0,,,,1,ONBR,0,,0,,0
0,0,NCNKJJT64K,,,,,1234.4,0,0,2024-07-26T16:45:36.778210266,2024-09-11,20:05,0,,2024-09-25,,0,,,,1,ONBR,0,,0,,0
0,0,EEWSUDK35S,,,,,1234.4,0,0,2024-07-26T16:45:36.778210266,2024-09-11,20:04,0,,2024-09-26,,0,,,,1,ONBR,0,,0,,0
0,0,KROPDDM10W,,,,,1234.4,0,0,2024-07-26T16:45:36.778210266,2024-09-11,20:03,0,,2024-10-01,,0,,,,1,ONBR,0,,0,,0
0,0,HJAAYQN94R,,,,,1234.4,0,0,2024-07-26T16:45:36.778210266,2024-09-11,20:02,0,,2024-10-01,,0,,,,1,ONBR,0,,0,,0
0,0,FGPEIFX41G,,,,,1234.4,0,0,2024-07-26T16:45:36.778210266,2024-09-11,20:01,0,,2024-09-30,,0,,,,1,ONBR,0,,0,,0
0,0,NCOBGLS19U,,,,,1234.4,0,0,2024-07-26T16:45:36.778210266,2024-09-10,20:00,0,,2024-09-11,,0,,,,1,ONBR,0,,0,,0
0,0,OBAJJIW73Q,,,,,1234.4,0,0,2024-07-26T16:45:36.778210266,2024-09-10,11:00,0,,2024-09-11,,0,,,,1,ONBR,0,,0,,0
0,0,OXGEHUM78Y,,,,,1234.4,0,0,2024-07-26T16:45:36.778210266,2024-09-10,10:01,0,,2024-09-11,,0,,,,1,ONBR,0,,0,,0
0,0,SAAEPKN50B,,,,,1234.4,0,0,2024-07-26T16:45:36.778210266,2024-09-10,09:30,0,,2024-09-11,,0,,,,1,ONBR,0,,0,,0
0,0,BEPZOIY39C,,,,,1234.4,0,0,2024-07-26T16:45:36.778210266,2024-09-10,03:45,0,,2024-09-12,,0,,,,1,ONBR,0,,0,,0
0,0,EOAETCN67W,,,,,1234.4,0,0,2024-07-26T16:45:36.778210266,2024-09-10,04:43,0,,2024-09-12,,0,,,,1,ONBR,0,,0,,0
0,0,BKKPRJK21S,,,,,1234.4,0,0,2024-07-26T16:45:36.778210266,2024-09-10,05:32,0,,2024-09-12,,0,,,,1,ONBR,0,,0,,0
0,0,HJSKAFS32J,,,,,1234.4,0,0,2024-07-26T16:45:36.778210266,2024-09-10,06:22,0,,2024-09-12,,0,,,,1,ONBR,0,,0,,0
0,0,LMEFOKT83U,,,,,1234.4,0,0,2024-07-26T16:45:36.778210266,2024-09-10,05:01,0,,2024-09-13,,0,,,,1,STDO,0,,0,,0
0,0,VINPEHA81N,,,,,1234.4,0,0,2024-07-26T16:45:36.778210266,2024-09-10,10:02,0,,2024-09-13,,0,,,,1,STDO,0,,0,,0
0,0,FPCKJZX23I,,,,,1234.4,0,0,2024-07-26T16:45:36.778210266,2024-09-10,09:31,0,,2024-09-13,,0,,,,1,STDO,0,,0,,0
0,0,ZNINBAG79I,,,,,1234.4,0,0,2024-07-26T16:45:36.778210266,2024-09-10,03:46,0,,2024-09-13,,0,,,,1,STDO,0,,0,,0
0,0,VBPCYLV17Q,,,,,1234.4,0,0,2024-07-26T16:45:36.778210266,2024-09-10,04:44,0,,2024-09-24,,0,,,,1,STDO,0,,0,,0
0,0,AEEWMAW87E,,,,,1234.4,0,0,2024-07-26T16:45:36.778210266,2024-09-10,05:33,0,,2024-09-24,,0,,,,1,STDO,0,,0,,0
0,0,ETJPBAY16D,,,,,1234.4,0,0,2024-07-26T16:45:36.778210266,2024-09-10,06:23,0,,2024-09-24,,0,,,,1,STDO,0,,0,,0
0,0,WTMKGCO28W,,,,,1234.4,0,0,2024-07-26T16:45:36.778210266,2024-09-10,05:01,0,,2024-09-24,,0,,,,1,STDO,0,,0,,0
0,0,LJKMALK96Z,,,,,1234.4,0,0,2024-07-26T16:45:36.778210266,2024-09-10,10:03,0,,2024-09-25,,0,,,,1,STDO,0,,0,,0
0,0,UIKMQJO79Z,,,,,1234.4,0,0,2024-07-26T16:45:36.778210266,2024-09-10,09:32,0,,2024-09-25,,0,,,,1,STDO,0,,0,,0
0,0,TMDEHWK38E,,,,,1234.4,0,0,2024-07-26T16:45:36.778210266,2024-09-10,03:47,0,,2024-09-25,,0,,,,1,STDO,0,,0,,0
0,0,YYPDSZJ14M,,,,,1234.4,0,0,2024-07-26T16:45:36.778210266,2024-09-10,04:45,0,,2024-09-25,,0,,,,1,STDO,0,,0,,0
0,0,XEVZBMF97G,,,,,1234.4,0,0,2024-07-26T16:45:36.778210266,2024-09-10,05:34,0,,2024-10-01,,0,,,,1,STDO,0,,0,,0
0,0,KTQYURC63V,,,,,1234.4,0,0,2024-07-26T16:45:36.778210266,2024-09-10,06:24,0,,2024-10-01,,0,,,,1,STDO,0,,0,,0
0,0,UHRRNRX43A,,,,,1234.4,0,0,2024-07-26T16:45:36.778210266,2024-09-10,05:01,0,,2024-10-01,,0,,,,1,STDO,0,,0,,0
0,0,RUWSFQS60Q,,,,,1234.4,0,0,2024-07-26T16:45:36.778210266,2024-09-10,10:04,0,,2024-10-01,,0,,,,1,STDO,0,,0,,0
0,0,SBPYZPP34K,,,,,1234.4,0,0,2024-07-26T16:45:36.778210266,2024-09-10,09:33,0,,2024-09-30,,0,,,,1,STDO,0,,0,,0
0,0,QPPDJWF78W,,,,,1234.4,0,0,2024-07-26T16:45:36.778210266,2024-09-10,03:48,0,,2024-09-30,,0,,,,1,STDO,0,,0,,0
0,0,KAGJPHQ30N,,,,,1234.4,0,0,2024-07-26T16:45:36.778210266,2024-09-10,04:46,0,,2024-09-29,,0,,,,1,EXQS,0,,0,,0
0,0,NNUOCST41F,,,,,1234.4,0,0,2024-07-26T16:45:36.778210266,2024-09-10,05:35,0,,2024-09-29,,0,,,,1,EXQS,0,,0,,0
0,0,ZMEOUPI47Y,,,,,1234.4,0,0,2024-07-26T16:45:36.778210266,2024-09-11,06:25,0,,2024-09-12,,0,,,,1,EXQS,0,,0,,0
0,0,INFWBPN31F,,,,,1234.4,0,0,2024-07-26T16:45:36.778210266,2024-09-11,05:01,0,,2024-09-12,,0,,,,1,EXQS,0,,0,,0
0,0,BHVEQOA72R,,,,,1234.4,0,0,2024-07-26T16:45:36.778210266,2024-09-11,10:05,0,,2024-09-13,,0,,,,1,EXQS,0,,0,,0
0,0,ILITPUP38G,,,,,1234.4,0,0,2024-07-26T16:45:36.778210266,2024-09-11,09:34,0,,2024-09-13,,0,,,,1,EXQS,0,,0,,0
0,0,SYLYUWB37O,,,,,1234.4,0,0,2024-07-26T16:45:36.778210266,2024-09-11,03:49,0,,2024-09-14,,0,,,,1,EXQS,0,,0,,0
0,0,TQKXVVB25E,,,,,1234.4,0,0,2024-07-26T16:45:36.778210266,2024-09-11,04:47,0,,2024-09-14,,0,,,,1,EXQS,0,,0,,0
0,0,QKZOANN37L,,,,,1234.4,0,0,2024-07-26T16:45:36.778210266,2024-09-11,05:36,0,,2024-09-12,,0,,,,1,EXQS,0,,0,,0
0,0,FSMAHLQ55S,,,,,1234.4,0,0,2024-07-26T16:45:36.778210266,2024-09-11,06:26,0,,2024-09-26,,0,,,,1,EXQS,0,,0,,0
0,0,WIBKKFH98K,,,,,1234.4,0,0,2024-07-26T16:45:36.778210266,2024-09-11,05:01,0,,2024-09-26,,0,,,,1,EXQS,0,,0,,0
0,0,GINYEAQ73N,,,,,1234.4,0,0,2024-07-26T16:45:36.778210266,2024-09-12,10:06,0,,2024-09-27,,0,,,,1,EXQS,0,,0,,0
0,0,AHHHADF46B,,,,,1234.4,0,0,2024-07-26T16:45:36.778210266,2024-09-11,09:35,0,,2024-10-02,,0,,,,1,EXQS,0,,0,,0
0,0,VPKIPJX94P,,,,,1234.4,0,0,2024-07-26T16:45:36.778210266,2024-09-11,03:50,0,,2024-09-30,,0,,,,1,EXQS,0,,0,,0
0,0,XSNHEJD40Y,,,,,1234.4,0,0,2024-07-26T16:45:36.778210266,2024-09-12,04:48,0,,2024-09-14,,0,,,,1,EXQS,0,,0,,0
0,0,HKBECQI23C,,,,,1234.4,0,0,2024-07-26T16:45:36.778210266,2024-09-12,05:37,0,,2024-09-15,,0,,,,1,EXKS,0,,0,,0
0,0,ISNSIZQ91I,,,,,1234.4,0,0,2024-07-26T16:45:36.778210266,2024-09-11,06:27,0,,2024-09-25,,0,,,,1,EXKS,0,,0,,0
0,0,YZQCGLW46V,,,,,1234.4,0,0,2024-07-26T16:45:36.778210266,2024-09-11,05:01,0,,2024-09-25,,0,,,,1,EXKS,0,,0,,0
0,0,DMYCKDK42Q,,,,,1234.4,0,0,2024-07-26T16:45:36.778210266,2024-09-11,10:07,0,,2024-09-25,,0,,,,1,EXKS,0,,0,,0
0,0,VFWJVOH77S,,,,,1234.4,0,0,2024-07-26T16:45:36.778210266,2024-09-11,09:36,0,,2024-09-25,,0,,,,1,EXKS,0,,0,,0
0,0,MMXULIM84G,,,,,1234.4,0,0,2024-07-26T16:45:36.778210266,2024-09-11,03:51,0,,2024-09-26,,0,,,,1,EXKS,0,,0,,0
0,0,YQDIXMZ98I,,,,,1234.4,0,0,2024-07-26T16:45:36.778210266,2024-09-11,04:49,0,,2024-10-01,,0,,,,1,EXKS,0,,0,,0
0,0,EYFTVRH51S,,,,,1234.4,0,0,2024-07-26T16:45:36.778210266,2024-09-11,05:38,0,,2024-10-01,,0,,,,1,EXKS,0,,0,,0
0,0,KAXEPTI61X,,,,,1234.4,0,0,2024-07-26T16:45:36.778210266,2024-09-11,06:28,0,,2024-09-30,,0,,,,1,EXKS,0,,0,,0
